{
    "Ar36": {
        "error": 0.00099921454938631965, 
        "fit": "parabolic", 
        "value": 0.0010300377209180125
    }, 
    "Ar37": {
        "error": 0.13498685937454472, 
        "fit": "linear", 
        "value": 0.047582956488718596
    }, 
    "Ar38": {
        "error": 0.12322909936291852, 
        "fit": "linear", 
        "value": -0.083873026200122588
    }, 
    "Ar39": {
        "error": 0.060290950869085633, 
        "fit": "parabolic", 
        "value": -0.011180909285941017
    }, 
    "Ar40": {
        "error": 0.13644586794518207, 
        "fit": "parabolic", 
        "value": 0.33372729546772972
    }, 
    "Ar41": {
        "error": 0.12258488147644925, 
        "fit": "average_SEM", 
        "value": -0.040253587275607669
    }
}