{
    "AX": {
        "error": 0.06057234139687979, 
        "fit": "average_SEM", 
        "value": -0.017785563823417762
    }, 
    "CDD": {
        "error": 8.967538711854336e-05, 
        "fit": "average_SEM", 
        "value": 4.793639018316753e-05
    }, 
    "H1": {
        "error": 0.13257852068836834, 
        "fit": "average_SEM", 
        "value": 0.04465737999222862
    }, 
    "H2": {
        "error": 0.12082266222436593, 
        "fit": "average_SEM", 
        "value": -0.3321695428341627
    }, 
    "L1": {
        "error": 0.12792979069741334, 
        "fit": "average_SEM", 
        "value": -0.0824590096041599
    }, 
    "L2": {
        "error": 0.13601578507081594, 
        "fit": "average_SEM", 
        "value": -0.017507582342174526
    }
}