{
    "AX": {
        "error": 0.0628987865025799, 
        "fit": "average_SEM", 
        "value": -0.02434816384641939
    }, 
    "CDD": {
        "error": 0.00011038672325959715, 
        "fit": "average_SEM", 
        "value": 7.903026562416926e-05
    }, 
    "H1": {
        "error": 0.13576006246381495, 
        "fit": "average_SEM", 
        "value": 0.04961715607205406
    }, 
    "H2": {
        "error": 0.13151842796285448, 
        "fit": "average_SEM", 
        "value": -0.29171293613811333
    }, 
    "L1": {
        "error": 0.14564989624689864, 
        "fit": "average_SEM", 
        "value": -0.09611045373118637
    }, 
    "L2": {
        "error": 0.13983404233678529, 
        "fit": "average_SEM", 
        "value": -0.00968052953442869
    }
}