{
    "AX": {
        "error": 0.06014775047476442, 
        "fit": "average_SEM", 
        "value": -0.023682182012271367
    }, 
    "CDD": {
        "error": 0.00013267754447248608, 
        "fit": "average_SEM", 
        "value": 0.00010364625001481423
    }, 
    "H1": {
        "error": 0.13314857550463094, 
        "fit": "average_SEM", 
        "value": 0.04162147411843762
    }, 
    "H2": {
        "error": 0.13533854389642536, 
        "fit": "average_SEM", 
        "value": -0.03583281251024649
    }, 
    "L1": {
        "error": 0.11807633444131668, 
        "fit": "average_SEM", 
        "value": -0.07285365260904655
    }, 
    "L2": {
        "error": 0.13212227746331293, 
        "fit": "average_SEM", 
        "value": 0.01883443011320196
    }
}