{
    "AX": {
        "error": 0.05854306234104247, 
        "fit": "average_SEM", 
        "value": -0.022130919564127303
    }, 
    "CDD": {
        "error": 7.265883535907928e-05, 
        "fit": "average_SEM", 
        "value": 3.7571765278698874e-05
    }, 
    "H1": {
        "error": 0.13813143959706387, 
        "fit": "average_SEM", 
        "value": 0.04888401651429983
    }, 
    "H2": {
        "error": 0.13252637450270385, 
        "fit": "average_SEM", 
        "value": -0.026770027857855892
    }, 
    "L1": {
        "error": 0.12546439897660086, 
        "fit": "average_SEM", 
        "value": -0.09137216425733641
    }, 
    "L2": {
        "error": 0.13831050991815166, 
        "fit": "average_SEM", 
        "value": 0.02346711369124629
    }
}