{
    "AX": {
        "error": 0.06590055501167828, 
        "fit": "average_SEM", 
        "value": -0.05048250370374363
    }, 
    "CDD": {
        "error": 0.00011042642589341617, 
        "fit": "average_SEM", 
        "value": 9.846393659245223e-05
    }, 
    "H1": {
        "error": 0.12785184704335442, 
        "fit": "average_SEM", 
        "value": 0.022696787563876972
    }, 
    "H2": {
        "error": 0.11598939512119544, 
        "fit": "average_SEM", 
        "value": -0.3199484982838233
    }, 
    "L1": {
        "error": 0.14797276862724962, 
        "fit": "average_SEM", 
        "value": -0.12276066687708306
    }, 
    "L2": {
        "error": 0.16111013375291988, 
        "fit": "average_SEM", 
        "value": -0.1329541949969199
    }
}