{
    "Ar36": {
        "error": 0.0018317176905563296, 
        "fit": "parabolic", 
        "value": 0.014582836577172555
    }, 
    "Ar37": {
        "error": 0.13938047654422453, 
        "fit": "linear", 
        "value": 0.22606204729837029
    }, 
    "Ar38": {
        "error": 0.13270953292490481, 
        "fit": "linear", 
        "value": 1.6357113074007485
    }, 
    "Ar39": {
        "error": 0.11256465407394972, 
        "fit": "parabolic", 
        "value": 137.92526212107813
    }, 
    "Ar40": {
        "error": 0.50382941864942565, 
        "fit": "parabolic", 
        "value": 1513.923825777955
    }, 
    "Ar41": {
        "error": 0.13415606253945991, 
        "fit": "average_SEM", 
        "value": -0.28344816887925844
    }
}