{
    "Ar36": {
        "error": 0.0015353126844613392, 
        "fit": "parabolic", 
        "value": 0.0066650764684867535
    }, 
    "Ar37": {
        "error": 0.13201019121800017, 
        "fit": "linear", 
        "value": 0.18903677428136068
    }, 
    "Ar38": {
        "error": 0.13114609375294933, 
        "fit": "linear", 
        "value": 1.5087039207888138
    }, 
    "Ar39": {
        "error": 0.11397292696262647, 
        "fit": "parabolic", 
        "value": 126.37492530985831
    }, 
    "Ar40": {
        "error": 0.46856338829419281, 
        "fit": "parabolic", 
        "value": 1390.9666757856548
    }, 
    "Ar41": {
        "error": 0.13006235959083148, 
        "fit": "average_SEM", 
        "value": -0.2886284755973611
    }
}