{
    "Ar36": {
        "error": 0.0012801208128981176, 
        "fit": "linear", 
        "value": 0.0095376916360299969
    }, 
    "Ar37": {
        "error": 0.14767198775627183, 
        "fit": "linear", 
        "value": 0.18948725496534211
    }, 
    "Ar38": {
        "error": 0.12467650540657189, 
        "fit": "linear", 
        "value": 1.4359513298367417
    }, 
    "Ar39": {
        "error": 0.12477932714128681, 
        "fit": "linear", 
        "value": 120.58343145351873
    }, 
    "Ar40": {
        "error": 0.51668533455336507, 
        "fit": "linear", 
        "value": 1324.8856102365776
    }, 
    "Ar41": {
        "error": 0.13261036740962739, 
        "fit": "average_SEM", 
        "value": -0.0045883705490268765
    }
}