{
    "Ar36": {
        "error": 0.0021642106235558079, 
        "fit": "parabolic", 
        "value": 0.011743206899704581
    }, 
    "Ar37": {
        "error": 0.14753902041976691, 
        "fit": "linear", 
        "value": 0.12292122623873755
    }, 
    "Ar38": {
        "error": 0.15142504092367193, 
        "fit": "linear", 
        "value": 1.2116765432382279
    }, 
    "Ar39": {
        "error": 0.10604477479035808, 
        "fit": "parabolic", 
        "value": 109.15708754422992
    }, 
    "Ar40": {
        "error": 0.43308428088665868, 
        "fit": "parabolic", 
        "value": 1199.4095823272514
    }, 
    "Ar41": {
        "error": 0.13465187079782506, 
        "fit": "average_SEM", 
        "value": -0.28286455654539167
    }
}