{
    "Ar36": {
        "error": 0.0026741319426294863, 
        "fit": "parabolic", 
        "value": 0.017955866225350735
    }, 
    "Ar37": {
        "error": 0.14223541606745618, 
        "fit": "linear", 
        "value": 0.13561747964811066
    }, 
    "Ar38": {
        "error": 0.1504710054129163, 
        "fit": "linear", 
        "value": 1.2029166163184781
    }, 
    "Ar39": {
        "error": 0.10944127897383943, 
        "fit": "parabolic", 
        "value": 108.01181852606314
    }, 
    "Ar40": {
        "error": 0.49542844885314313, 
        "fit": "parabolic", 
        "value": 1184.4611036493266
    }, 
    "Ar41": {
        "error": 0.14986802877185348, 
        "fit": "average_SEM", 
        "value": -0.023665071700233967
    }
}