{
    "Ar36": {
        "error": 0.00050868811024955491, 
        "fit": "parabolic", 
        "value": 0.038333935894871878
    }, 
    "Ar37": {
        "error": 0.016710766816584146, 
        "fit": "linear", 
        "value": 0.63882044343086763
    }, 
    "Ar38": {
        "error": 0.016504413995354298, 
        "fit": "linear", 
        "value": 1.8743829815057889
    }, 
    "Ar39": {
        "error": 0.048128992844497891, 
        "fit": "parabolic", 
        "value": 165.12311170732761
    }, 
    "Ar40": {
        "error": 0.10597789755829465, 
        "fit": "parabolic", 
        "value": 1815.9162273015172
    }, 
    "Ar41": {
        "error": 0.0074835217916198685, 
        "fit": "average", 
        "value": -0.023382555770149339
    }
}