{
    "AX": {
        "error": 0.05710860172921272, 
        "fit": "average_SEM", 
        "value": -0.031549363603213955
    }, 
    "CDD": {
        "error": 5.0118457408193214e-05, 
        "fit": "average_SEM", 
        "value": 1.8138093582820148e-05
    }, 
    "H1": {
        "error": 0.12828368294704182, 
        "fit": "average_SEM", 
        "value": -0.01867471208194426
    }, 
    "H2": {
        "error": 0.13939187165180764, 
        "fit": "average_SEM", 
        "value": -0.3356368875751893
    }, 
    "L1": {
        "error": 0.12056627181314652, 
        "fit": "average_SEM", 
        "value": -0.1660885449925748
    }, 
    "L2": {
        "error": 0.1338251168104028, 
        "fit": "average_SEM", 
        "value": -0.037965736803016625
    }
}