{
    "AX": {
        "error": 0.06391931054711934, 
        "fit": "average_SEM", 
        "value": -0.0360452899231556
    }, 
    "CDD": {
        "error": 4.68363718882703e-05, 
        "fit": "average_SEM", 
        "value": 1.5546937356702982e-05
    }, 
    "H1": {
        "error": 0.11694728208989272, 
        "fit": "average_SEM", 
        "value": 0.019914560864466087
    }, 
    "H2": {
        "error": 0.11979906646479095, 
        "fit": "average_SEM", 
        "value": -0.28552487179016073
    }, 
    "L1": {
        "error": 0.1416470397003716, 
        "fit": "average_SEM", 
        "value": -0.0660250980494311
    }, 
    "L2": {
        "error": 0.13088925956031, 
        "fit": "average_SEM", 
        "value": -0.10476545993975984
    }
}