{
    "AX": {
        "error": 0.0602780337101365, 
        "fit": "average_SEM", 
        "value": -0.029083530850685848
    }, 
    "CDD": {
        "error": 3.397827997520371e-05, 
        "fit": "average_SEM", 
        "value": 7.773468678351491e-06
    }, 
    "H1": {
        "error": 0.11198176540129619, 
        "fit": "average_SEM", 
        "value": 0.052324006259570725
    }, 
    "H2": {
        "error": 0.15150265726690118, 
        "fit": "average_SEM", 
        "value": -0.032492786753815985
    }, 
    "L1": {
        "error": 0.12905839817303924, 
        "fit": "average_SEM", 
        "value": -0.08658892652731286
    }, 
    "L2": {
        "error": 0.13766075220132207, 
        "fit": "average_SEM", 
        "value": 0.02681584507404801
    }
}