{
    "Ar36": {
        "error": 0.0058581242520648587, 
        "fit": "parabolic", 
        "value": 0.23613234280810605
    }, 
    "Ar37": {
        "error": 0.13817238584878352, 
        "fit": "linear", 
        "value": 0.018838541889871538
    }, 
    "Ar38": {
        "error": 0.11954052335632458, 
        "fit": "linear", 
        "value": -0.05348878987521144
    }, 
    "Ar39": {
        "error": 0.060359083789094339, 
        "fit": "parabolic", 
        "value": -0.018465393568843611
    }, 
    "Ar40": {
        "error": 0.1676181678834224, 
        "fit": "parabolic", 
        "value": 71.683544813763575
    }, 
    "Ar41": {
        "error": 0.13024788911682952, 
        "fit": "average_SEM", 
        "value": -0.029659735969435132
    }
}