{
    "Ar36": {
        "error": 0.00022984547626924592, 
        "fit": "parabolic", 
        "value": 0.0035469305202216099
    }, 
    "Ar37": {
        "error": 0.017368178066726216, 
        "fit": "linear", 
        "value": 0.066838337866878761
    }, 
    "Ar38": {
        "error": 0.017509752141988584, 
        "fit": "linear", 
        "value": -0.17407712536969877
    }, 
    "Ar39": {
        "error": 0.02438380698240299, 
        "fit": "parabolic", 
        "value": -0.057324317382251994
    }, 
    "Ar40": {
        "error": 0.027662284968518403, 
        "fit": "parabolic", 
        "value": 0.89546932157450032
    }, 
    "Ar41": {
        "error": 0.0064713387348767229, 
        "fit": "average", 
        "value": -0.10379753368063505
    }
}